1reg_Pseudomonassyringae_A0A1G9XRC0_PSESX	Pseudo
1reg_Pseudomonasamygdali_A0A0P9I4G2_PSEA0	Pseudo
1reg_PseudomonassavastanoiPseudomonassyringaepvsavastanoi_A0A3M5JX15_PSESS	Pseudo
1reg_PseudomonassavastanoiPseudomonassyringaepvsavastanoi_A0A3M5AYT0_PSESS	Pseudo
1reg_PseudomonassavastanoipvphaseolicolaPseudomonassyringaepvphaseolicola_A0A3M3TKV5_PSESH	Pseudo
1reg_Pseudomonassavastanoipvphaseolicolastrain1448ARace6Pseudomonassyringaepvphaseolicolastrain1448ARace6_Q48CG4_PSE14	Pseudo
1reg_PseudomonassavastanoipvglycineaPseudomonassyringaepvglycinea_A0A3M3V7U7_PSESG	Pseudo
1reg_PseudomonassavastanoipvglycineaPseudomonassyringaepvglycinea_A0A3M5RTI8_PSESG	Pseudo
1reg_PseudomonassavastanoipvglycineaPseudomonassyringaepvglycinea_A0A0P9VE53_PSESG	Pseudo
1reg_PseudomonassavastanoipvglycineaPseudomonassyringaepvglycinea_A0A3M5VGH7_PSESG	Pseudo
1reg_Pseudomonassyringaepvaceris_A0A3M5BB31_PSESX	Pseudo
1reg_Pseudomonassyringaepvatrofaciens_A0A3M2VA94_PSESX	Pseudo
1reg_Pseudomonassyringaepvaptata_A0A3M3E4S2_PSEAP	Pseudo
1reg_Pseudomonassyringaepvaceris_A0A0P9JQZ3_PSESX	Pseudo
1reg_PseudomonasspNP285_A0A2V3QBW4_9PSED	Pseudo
1reg_PseudomonasspNP103_A0A326SRZ8_9PSED	Pseudo
1reg_PseudomonassyringaepvsyringaestrainB728a_Q4ZLZ0_PSEU2	Pseudo
1reg_Pseudomonassyringaepvsyringae_A0A2V4Q7E5_PSESY	Pseudo
1reg_Pseudomonassyringaepvapii_A0A3M5WGU7_9PSED	Pseudo
1reg_Pseudomonassyringae_A0A1I5HJ64_PSESX	Pseudo
1reg_Pseudomonassyringaepvsyringae_A0A3M2YD33_PSESY	Pseudo
1reg_Pseudomonassyringaepvatrofaciens_A0A3M4EYF4_PSESX	Pseudo
1reg_Pseudomonassyringaepvaptata_A0A3M5WV15_PSEAP	Pseudo
1reg_Pseudomonassyringaepvaptata_A0A3M3X7U6_PSEAP	Pseudo
1reg_PseudomonassyringaepvsyringaeSM_S3N3J5_PSESY	Pseudo
1reg_Pseudomonasamygdalipvmori_A0A3M4LHM5_PSEA0	Pseudo
1reg_Pseudomonassyringaepvhelianthi_A0A3M6CH50_9PSED	Pseudo
1reg_Pseudomonasamygdalipvmyricae_A0A3M5L9M1_PSEA0	Pseudo
1reg_PseudomonassavastanoiPseudomonassyringaepvsavastanoi_A0A3M5G9F2_PSESS	Pseudo
1reg_Pseudomonasmeliae_A0A0N8S2A5_9PSED	Pseudo
1reg_Pseudomonasviridiflava_A0A3M4P5M9_PSEVI	Pseudo
1reg_Pseudomonassyringaepvpersicae_A0A3M4APH4_9PSED	Pseudo
1reg_Pseudomonasamygdalipvdendropanacis_A0A0P9QP73_PSEA0	Pseudo
1reg_Pseudomonasamygdalipveriobotryae_A0A3M3AHJ8_PSEA0	Pseudo
1reg_Pseudomonasamygdalipvmorsprunorum_A0A3M3ZHH2_PSEA0	Pseudo
1reg_Pseudomonassavastanoipvsavastanoi_A0A3M2YUB3_PSESS	Pseudo
1reg_Pseudomonasamygdalipvciccaronei_A0A0P9L0R4_PSEA0	Pseudo
1reg_PseudomonassavastanoiPseudomonassyringaepvsavastanoi_A0A3M5FR00_PSESS	Pseudo
1reg_Pseudomonassavastanoipvretacarpa_A0A0P9XNB9_PSESS	Pseudo
1reg_Pseudomonasamygdalipveriobotryae_A0A0N8RFU3_PSEA0	Pseudo
1reg_PseudomonassavastanoiPseudomonassyringaepvsavastanoi_A0A3M2Z6D4_PSESS	Pseudo
1reg_Pseudomonascoronafacienspvzizaniae_A0A3M3L8A9_9PSED	Pseudo
1reg_Pseudomonascoronafacienspvoryzae_A0A3M5HY80_9PSED	Pseudo
1reg_Pseudomonascoronafacienspvcoronafaciens_A0A3M5AN21_9PSED	Pseudo
1reg_Pseudomonascoronafacienspvatropurpurea_A0A0P9N6W2_9PSED	Pseudo
1reg_Pseudomonascoronafacienspvgarcae_A0A0P9T4E1_9PSED	Pseudo
1reg_Pseudomonascoronafacienspvgarcae_A0A3M5ATH4_9PSED	Pseudo
1reg_Pseudomonascoronafacienspvzizaniae_A0A0Q0ESA2_9PSED	Pseudo
1reg_Pseudomonascoronafacienspvstriafaciens_A0A3M3HJP0_9PSED	Pseudo
1reg_Pseudomonascoronafacienspvcoronafaciens_A0A3M5YWN4_9PSED	Pseudo
1reg_PseudomonassyringaepvactinidiaeICMP18807_S6WFX4_PSESF	Pseudo
1reg_Pseudomonassyringaepvprimulae_A0A3M4SFT2_9PSED	Pseudo
1reg_Pseudomonassyringaepvmaculicola_A0A3M3Z609_PSEYM	Pseudo
1reg_Pseudomonassyringaepvmaculicola_A0A0P9XTN6_PSEYM	Pseudo
1reg_Pseudomonassyringaepvmaculicola_A0A0N0WYP0_PSEYM	Pseudo
1reg_Pseudomonassyringaepvtagetis_A0A3M3YYP2_9PSED	Pseudo
1reg_Pseudomonassyringaepvavii_A0A2K4W1H9_PSESX	Pseudo
1reg_Pseudomonassyringaepvapii_A0A0P9IHZ2_9PSED	Pseudo
1reg_Pseudomonassyringaepvantirrhini_A0A0P9JIJ8_9PSED	Pseudo
1reg_Pseudomonassyringaepvcoriandricola_A0A3M5RVX9_9PSED	Pseudo
1reg_Pseudomonassyringaegroupgenomosp3_A0A2K4W724_9PSED	Pseudo
1reg_PseudomonasamygdalipvlachrymansstrM302278_F3ID83_PSEAV	Pseudo
1reg_Pseudomonassyringaepvtomato_A0A3M4PEW5_PSEUB	Pseudo
1reg_Pseudomonassyringaepvdelphinii_A0A3M4K5T4_9PSED	Pseudo
1reg_Pseudomonassyringaepvaptata_A0A0Q0DRD8_PSEAP	Pseudo
1reg_Pseudomonasfloridensis_A0A1X0MM19_9PSED	Pseudo
1reg_PseudomonasspLP7YM_A0A4V3FVF5_9PSED	Pseudo
1reg_PseudomonasspVI41_A0A1V4LSC4_9PSED	Pseudo
1reg_PseudomonasspGV021_A0A2T5YZD3_9PSED	Pseudo
1reg_Pseudomonasgraminis_A0A1C2E0K3_9PSED	Pseudo
1reg_Pseudomonassilesiensis_A0A191YSF6_9PSED	Pseudo
1reg_Pseudomonasjessenii_A0A2W0FC07_9PSED	Pseudo
1reg_PseudomonasspGM33_J3FKN3_9PSED	Pseudo
1reg_PseudomonasspB12018_A0A2U1IJJ6_9PSED	Pseudo
1reg_Pseudomonassp_A0A519F2C6_PSESP	Pseudo
1reg_PseudomonasspLP7YM_A0A4R7W954_9PSED	Pseudo
1reg_Pseudomonasgraminis_A0A4R7W7N1_9PSED	Pseudo
1reg_Pseudomonasgraminis_A0A1I0D5V5_9PSED	Pseudo
1reg_Pseudomonasgraminis_A0A4V3FV80_9PSED	Pseudo
1reg_Pseudomonasmonteilii_A0A0X8BUK3_9PSED	Pseudo
1reg_PseudomonasputidastrainW619_B1JCT6_PSEPW	Pseudo
1reg_PseudomonasputidaArthrobactersiderocapsulatus_A0A1X1A367_PSEPU	Pseudo
1reg_PseudomonasputidastrainDOTT1E_I7CEU0_PSEPT	Pseudo
1reg_PseudomonasputidaArthrobactersiderocapsulatus_A0A3M8SRV2_PSEPU	Pseudo
1reg_PseudomonasspGM84_J3E664_9PSED	Pseudo
1reg_Pseudomonassp101B_A0A0E9ZGM5_9PSED	Pseudo
1reg_Pseudomonasspp99361_A0A3R8VQ03_9PSED	Pseudo
1reg_Pseudomonasmonteilii_A0A136QET4_9PSED	Pseudo
1reg_PseudomonasputidaArthrobactersiderocapsulatus_A0A0P7C5V5_PSEPU	Pseudo
1reg_PseudomonasspGM84_J2Y862_9PSED	Pseudo
1reg_PseudomonasputidastrainW619_B1J8X0_PSEPW	Pseudo
1reg_Pseudomonassyringaepvpisi_A0A2V4Q275_PSESJ	Pseudo
1reg_Pseudomonassyringaepvpisistr1704B_F3G8Z2_PSESJ	Pseudo
1reg_PseudomonassyringaepvsyringaeSM_S3MM74_PSESY	Pseudo
1reg_Pseudomonassavastanoipvsavastanoi_A0A3M2YE73_PSESS	Pseudo
1reg_Pseudomonassyringaepvcastaneae_A0A0P9P010_PSESX	Pseudo
1reg_Pseudomonasamygdalipvmorsprunorum_A0A3M4AGT9_PSEA0	Pseudo
1reg_Pseudomonasamygdalipvmorsprunorum_A0A3M5TR22_PSEA0	Pseudo
1reg_PseudomonassavastanoipvglycineaPseudomonassyringaepvglycinea_A0A3M2W489_PSESG	Pseudo
1reg_PseudomonassavastanoipvglycineaPseudomonassyringaepvglycinea_A0A3M3FCG8_PSESG	Pseudo
1reg_Pseudomonassavastanoipvphaseolicolastrain1448ARace6Pseudomonassyringaepvphaseolicolastrain1448ARace6_Q48BU0_PSE14	Pseudo
1reg_PseudomonassavastanoipvphaseolicolaPseudomonassyringaepvphaseolicola_A0A3M4N309_PSESH	Pseudo
1reg_PseudomonassavastanoipvglycineaPseudomonassyringaepvglycinea_A0A3M3HZC6_PSESG	Pseudo
1reg_PseudomonassavastanoipvglycineaPseudomonassyringaepvglycinea_A0A3M5V2I0_PSESG	Pseudo
1reg_PseudomonassavastanoipvglycineaPseudomonassyringaepvglycinea_A0A3M2ZH23_PSESG	Pseudo
1reg_PseudomonassavastanoipvphaseolicolaPseudomonassyringaepvphaseolicola_A0A3M6BXD4_PSESH	Pseudo
1reg_Pseudomonassyringaepvtagetis_A0A3M3Z588_9PSED	Pseudo
1reg_Pseudomonassyringaepvviburni_A0A0Q0JWX4_9PSED	Pseudo
1reg_Pseudomonassyringaepvapii_A0A0P9IF01_9PSED	Pseudo
1reg_Pseudomonassyringaepvantirrhini_A0A0P9KQK7_9PSED	Pseudo
1reg_Pseudomonassyringaepvavii_A0A2K4VXU3_PSESX	Pseudo
1reg_Pseudomonassyringae_A0A4P6QE75_PSESX	Pseudo
1reg_Pseudomonassyringae_A0A4P6QAL4_PSESX	Pseudo
1reg_Pseudomonassyringaepvdelphinii_A0A3M4JIA3_9PSED	Pseudo
1reg_Pseudomonassyringaepvdelphinii_A0A0P9P9J8_9PSED	Pseudo
1reg_Pseudomonassyringaepvavii_A0A2K4W1P7_PSESX	Pseudo
1reg_Pseudomonassyringaepvtagetis_A0A3M3Z7G2_9PSED	Pseudo
1reg_Pseudomonassyringae_A0A2S3UW85_PSESX	Pseudo
1reg_Pseudomonassyringaepvmaculicola_A0A3M3XYF4_PSEYM	Pseudo
1reg_Pseudomonassyringaepvmaculicola_A0A3M2V9I6_PSEYM	Pseudo
1reg_Pseudomonassyringaepvtomato_A0A0Q0CI45_PSEUB	Pseudo
1reg_Pseudomonassyringaepvspinaceae_A0A3M5K347_PSESX	Pseudo
1reg_PseudomonasspRITPIq_A0A0N1DEW5_9PSED	Pseudo
1reg_PseudomonasspFW300N1A1_A0A2K4G1Z6_9PSED	Pseudo
1reg_Pseudomonasreinekei_A0A1H0TTR5_9PSED	Pseudo
1reg_PseudomonasspGM55_J3GQV1_9PSED	Pseudo
1reg_PseudomonasspGM74_J2ULE1_9PSED	Pseudo
1reg_PseudomonasspGW456E7_A0A2N8GD23_9PSED	Pseudo
1reg_Pseudomonasagarici_A0A0X1T2L4_PSEAA	Pseudo
1reg_Pseudomonasgraminis_A0A4V3FV77_9PSED	Pseudo
1reg_Pseudomonasgraminis_A0A1I0I161_9PSED	Pseudo
1reg_PseudomonasspLS2_A0A3A6RN07_9PSED	Pseudo
1reg_PseudomonasspRIT412_A0A329J5E8_9PSED	Pseudo
1reg_PseudomonasspNFR16_A0A1H6R5R7_9PSED	Pseudo
1reg_PseudomonasputidaArthrobactersiderocapsulatus_A0A1B2F314_PSEPU	Pseudo
1reg_PseudomonasplecoglossicidaNB2011_S2K0W0_9PSED	Pseudo
1reg_PseudomonasplecoglossicidaNB2011_S2K733_9PSED	Pseudo
1reg_Pseudomonasplecoglossicida_A0A0B5KAC1_9PSED	Pseudo
1reg_PseudomonasspCC12022201a_A0A315T6I4_9PSED	Pseudo
1reg_Pseudomonassp_A0A3D5H047_PSESP	Pseudo
1reg_PseudomonasspCC12022201a_A0A315T1D0_9PSED	Pseudo
1reg_PseudomonasputidaArthrobactersiderocapsulatus_A0A379L3B2_PSEPU	Pseudo
1reg_PseudomonasputidaArthrobactersiderocapsulatus_A0A0P7CWN4_PSEPU	Pseudo
1reg_PseudomonasputidaArthrobactersiderocapsulatus_A0A059UV16_PSEPU	Pseudo
1reg_PseudomonasputidaArthrobactersiderocapsulatus_A0A3M8T0Y7_PSEPU	Pseudo
1reg_Pseudomonassp101B_A0A0E9ZGI7_9PSED	Pseudo
1reg_PseudomonasputidaArthrobactersiderocapsulatus_A0A1X0ZCD9_PSEPU	Pseudo
1reg_PseudomonasspS06B330_A0A2N3PGL3_9PSED	Pseudo
1reg_PseudomonasspH9_A0A4R5K0D4_9PSED	Pseudo
1reg_PseudomonasputidaArthrobactersiderocapsulatus_A0A379KZZ5_PSEPU	Pseudo
1reg_PseudomonasputidaArthrobactersiderocapsulatus_A0A1Y5L3A2_PSEPU	Pseudo
1reg_PseudomonasputidastrainATCC47054DSM6125NCIMB11950KT2440_Q88I91_PSEPK	Pseudo
1reg_PseudomonasputidastrainATCC700007DSM6899BCRC17059F1_A5W3P0_PSEP1	Pseudo
1reg_PseudomonasputidaArthrobactersiderocapsulatus_A0A1X1AEK8_PSEPU	Pseudo
1reg_Pseudomonasmonteilii_A0A2N1IWF4_9PSED	Pseudo
1reg_PseudomonasputidaND6_I3UY87_PSEPU	Pseudo
1reg_Pseudomonasfloridensis_A0A1X0MXM3_9PSED	Pseudo
1reg_Pseudomonascoronafacienspvcoronafaciens_A0A3M5AFK8_9PSED	Pseudo
1reg_Pseudomonassyringaepvberberidis_A0A3M4KW60_9PSED	Pseudo
1reg_PseudomonasamygdalipvsesamiPseudomonassyringaepvsesami_A0A3M6G0H7_PSEAQ	Pseudo
1reg_Pseudomonassyringaepvaceris_A0A3M5EJH7_PSESX	Pseudo
1reg_Pseudomonascoronafacienspvatropurpurea_A0A3M4BZV1_9PSED	Pseudo
1reg_Pseudomonascoronafacienspvatropurpurea_A0A3M6EDQ5_9PSED	Pseudo
1reg_Pseudomonascoronafacienspvzizaniae_A0A3M3KVM8_9PSED	Pseudo
1reg_Pseudomonascoronafacienspvoryzae_A0A3M5IC35_9PSED	Pseudo
1reg_Pseudomonascoronafacienspvcoronafaciens_A0A3M3RS88_9PSED	Pseudo
1reg_Pseudomonascoronafacienspvzizaniae_A0A3M3LNW0_9PSED	Pseudo
1reg_Pseudomonasamygdalipvhibisci_A0A0P9SNX0_PSEA0	Pseudo
1reg_Pseudomonassyringaepvcastaneae_A0A0P9MZR4_PSESX	Pseudo
1reg_Pseudomonasamygdalipvmori_A0A3M4KWW7_PSEA0	Pseudo
1reg_Pseudomonasamygdalipvmyricae_A0A3M5LVE6_PSEA0	Pseudo
1reg_Pseudomonassyringaepvprimulae_A0A3M4RW70_9PSED	Pseudo
1reg_Pseudomonassyringaepvmaculicola_A0A0P9W1U6_PSEYM	Pseudo
1reg_Pseudomonassyringaegroupgenomosp3_A0A2K4WI34_9PSED	Pseudo
1reg_Pseudomonassyringaegroupgenomosp3_A0A2K4WM56_9PSED	Pseudo
1reg_PseudomonassavastanoiPseudomonassyringaepvsavastanoi_A0A3M5G3X7_PSESS	Pseudo
1reg_Pseudomonassyringaepvcerasicola_A0A330K816_PSESX	Pseudo
1reg_PseudomonassavastanoiPseudomonassyringaepvsavastanoi_A0A3M5FQF4_PSESS	Pseudo
1reg_PseudomonassavastanoiPseudomonassyringaepvsavastanoi_A0A3M5FK24_PSESS	Pseudo
1reg_Pseudomonassyringaepvhelianthi_A0A3M6CQW0_9PSED	Pseudo
1reg_Pseudomonascoronafacienspvstriafaciens_A0A3M4Y0K2_9PSED	Pseudo
1reg_Pseudomonassyringaepvaptata_A0A3M3EGA6_PSEAP	Pseudo
1reg_Pseudomonassyringaepvpapulans_A0A0P9X6C0_PSESX	Pseudo
1reg_PseudomonasamygdalipvsesamiPseudomonassyringaepvsesami_A0A3M6FHL1_PSEAQ	Pseudo
1reg_Pseudomonasviridiflava_A0A3M4P488_PSEVI	Pseudo
1reg_PseudomonasspICMP3272_A0A0W0IAN1_9PSED	Pseudo
1reg_Pseudomonassyringaepvaceris_A0A3M5EDC5_PSESX	Pseudo
1reg_Pseudomonassyringae_A0A1G9X6S8_PSESX	Pseudo
1reg_Pseudomonassyringaepvsyringae_A0A3M2XII7_PSESY	Pseudo
1reg_PseudomonasspNP285_A0A2V3Q9X6_9PSED	Pseudo
1reg_PseudomonassyringaepvsyringaestrainB728a_Q4ZLF9_PSEU2	Pseudo
1reg_Pseudomonassyringaepvaptata_A0A0Q0BRC3_PSEAP	Pseudo
1reg_PseudomonasspNP103_A0A326SK20_9PSED	Pseudo
1reg_PseudomonasspRW407_A0A2V2SZG3_9PSED	Pseudo
1reg_PseudomonasspRW407_A0A2V2T207_9PSED	Pseudo
1reg_Pseudomonasdelhiensis_A0A1G9FLJ5_9PSED	Pseudo
1reg_Pseudomonasorientalis_A0A3G7XDU3_9PSED	Pseudo
1reg_PseudomonasspTAD18_A0A119A7N9_9PSED	Pseudo
1reg_Pseudomonasduriflava_A0A562Q2R2_9PSED	Pseudo
1reg_Pseudomonasluteola_A0A427HZ31_PSELU	Pseudo
1reg_PseudomonasspLTJR52_A0A3G2NBS7_9PSED	Pseudo
1reg_Pseudomonasluteola_A0A2X2DBN7_PSELU	Pseudo
1reg_Pseudomonaszeshuii_A0A1M6FUQ0_9PSED	Pseudo
1reg_PseudomonasspLB090624_A0A2V4HMH6_9PSED	Pseudo
1reg_Pseudomonasprotegens_A0A423D8B0_9PSED	Pseudo
1reg_PseudomonasspNFPP09_A0A1K1TIC2_9PSED	Pseudo
1reg_PseudomonasspNFPP22_A0A2T0ZPR0_9PSED	Pseudo
1reg_Pseudomonaschlororaphis_A0A423CV57_9PSED	Pseudo
1reg_Pseudomonasfrederiksbergensis_A0A1J0ENJ6_9PSED	Pseudo
1reg_Pseudomonasfrederiksbergensis_A0A1J0ETC2_9PSED	Pseudo
1reg_Methylocaldummarinum_A0A250KYQ0_9GAMM	Methyl
1reg_Methylocaldummarinum_A0A286P3S7_9GAMM	Methyl
1reg_Massiliaviolaceinigra_A0A2D2DEV1_9BURK	Massil
1reg_MassiliatimonaeCCUG45783_K9DSM5_9BURK	Massil
1reg_Massiliaflava_A0A562P717_9BURK	Massil
1reg_MassiliaspSOD_A0A430HME9_9BURK	Massil
1reg_Massiliaviolaceinigra_A0A2D2DTP8_9BURK	Massil
1reg_JanthinobacteriumspCG232_A0A0S4NVJ1_9BURK	Janthi
1reg_TrinickiacaryophylliParaburkholderiacaryophylli_A0A1X7HAK8_TRICW	Trinic
1reg_ParaburkholderiaspDHOM06_A0A3D8JRA7_9BURK	Parabu
1reg_RalstoniasolanacearumPseudomonassolanacearum_A0A177RIA6_RALSL	Ralsto
1reg_RalstoniasolanacearumPseudomonassolanacearum_A0A399VT31_RALSL	Ralsto
1reg_RalstoniasolanacearumUW551_A3S0P3_RALSL	Ralsto
1reg_BurkholderiaspBp9125_A0A3N8BKZ5_9BURK	Burkho
1reg_BurkholderiaspSRS46_A0A4R4CRQ9_9BURK	Burkho
1reg_Burkholderiaubonensis_A0A118NLD4_9BURK	Burkho
1reg_Burkholderiaubonensis_A0A104YZY9_9BURK	Burkho
1reg_BurkholderiaspMSHR3999_A0A0D0H185_9BURK	Burkho
1reg_Burkholderiaplantarii_A0A0B6SDK1_9BURK	Burkho
1reg_BurkholderiagladioliPseudomonasmarginataPhytomonasmarginata_A0A3G3L221_BURGA	Burkho
1reg_BurkholderiaspSJZ115_A0A560UYE9_9BURK	Burkho
1reg_BurkholderiaglumaePseudomonasglumae_A0A2J9HK75_BURGL	Burkho
1reg_BurkholderiadolosaAU0158_A0A0D5IXB7_9BURK	Burkho
1reg_Burkholderiaubonensis_A0A108C601_9BURK	Burkho
1reg_Burkholderialatens_A0A1B4P290_9BURK	Burkho
1reg_BurkholderiamultivoransCF2_J4JIF2_9BURK	Burkho
1reg_Burkholderiamultivorans_A0A1W0YZE8_9BURK	Burkho
1reg_Burkholderiacenocepacia_A0A1V2VU04_9BURK	Burkho
1reg_BurkholderiaspJKS000303_A0A2A9LAB5_9BURK	Burkho
1reg_BurkholderiaspIDO3_A0A2A4CD53_9BURK	Burkho
1reg_BurkholderiaspHI2761_A0A228Q5L7_9BURK	Burkho
1reg_BurkholderiacepaciaPseudomonascepacia_A0A095EL21_BURCE	Burkho
1reg_Burkholderiacontaminans_A0A3N8QS20_9BURK	Burkho
1reg_Burkholderiacenocepacia_A0A2X1FZA5_9BURK	Burkho
1reg_BurkholderiaspBp9017_A0A3P0P344_9BURK	Burkho
1reg_Burkholderiacenocepacia_A0A071MID5_9BURK	Burkho
1reg_Burkholderiametallica_A0A1B4HSK6_9BURK	Burkho
1reg_BurkholderiaspBp9031_A0A3P0NE71_9BURK	Burkho
1reg_ParaburkholderiaspBL6669N2_A0A3E0CS70_9BURK	Parabu
1reg_ParaburkholderiaspBL6665CI2N2_A0A4R8K9K2_9BURK	Parabu
1reg_ParaburkholderiaspBL18I3N2_A0A2T0L124_9BURK	Parabu
1reg_Paraburkholderiadipogonis_A0A4Y8N694_9BURK	Parabu
1reg_GammaproteobacteriabacteriumESL0073_A0A2Z3I2U3_9GAMM	Gammap
1reg_Citrobacterfarmeri_A0A223JN45_9ENTR	Citrob
1reg_Escherichiacoli_A0A3U0WJ83_ECOLX	Escher
1reg_ShigellaflexneriserotypeXstrain2002017_D2A7R7_SHIF2	Shigel
1reg_Shigella_flexneri_2a_str_301_SF0266	Shigel
1reg_Escherichiacoli_A0A3K3RP58_ECOLX	Escher
1reg_Escherichiacoli_A0A4D2RAG9_ECOLX	Escher
1reg_EscherichiaspKTE52_S1C496_9ESCH	Escher
1reg_Escherichiamarmotae_A0A370UZZ2_9ESCH	Escher
1reg_EscherichiacoliKTE66_L3PF43_ECOLX	Escher
1reg_EscherichiacoliTA280_F4UYG6_ECOLX	Escher
1reg_EscherichiacoliKTE146_L4JF24_ECOLX	Escher
1reg_Escherichiacoli_A0A329XRH4_ECOLX	Escher
1reg_Escherichiasp47265_A0A2T3U5Z8_9ESCH	Escher
1reg_Escherichiacoli_A0A0K3Y8L3_ECOLX	Escher
2reg_SalmonellaentericasubspentericaserovarSanjuan_A0A447NZX4_SALET	Salmon
1reg_Salmonellatyphimurium_A0A484XFI0_SALTM	Salmon
1reg_SalmonellaentericaI_A0A3X9X2P7_SALET	Salmon
1reg_SalmonellaentericaI_A0A3U8HD98_SALET	Salmon
1reg_SalmonellaentericaI_A0A3Z4RZS2_SALET	Salmon
1reg_Salmonella_enterica_SL1344_STM0291	Salmon
1reg_SalmonellaentericaSalmonellacholeraesuis_A0A3X3J9R9_SALER	Salmon
1reg_Salmonellatyphimuriumstrain474_E8XIV6_SALT4	Salmon
1reg_SalmonellaentericaI_A0A3T6EQU7_SALET	Salmon
1reg_SalmonellaentericaI_A0A3R0XV36_SALET	Salmon
1reg_SalmonellaentericaSalmonellacholeraesuis_A0A3V5AS85_SALER	Salmon
1reg_SalmonellaentericaI_A0A3U0YJG6_SALET	Salmon
1reg_SalmonellaspNCTC11881_A0A509CUP2_9ENTR	Salmon
1reg_SalmonellaentericaSalmonellacholeraesuis_A0A3X3EUZ6_SALER	Salmon
1reg_SalmonellaentericasubspentericaserovarGoldcoast_A0A501ET38_SALET	Salmon
1reg_SalmonellaentericaI_A0A3T7S2W0_SALET	Salmon
1reg_SalmonellaentericaI_A0A3U3QL62_SALET	Salmon
1reg_SalmonellaentericaI_A0A3V1I5K4_SALET	Salmon
1reg_SalmonellaentericaI_A0A3Z7TVJ6_SALET	Salmon
1reg_SalmonellaentericaI_A0A3T4DM59_SALET	Salmon
1reg_SalmonellaentericaSalmonellacholeraesuis_A0A3V7TDW2_SALER	Salmon
1reg_SalmonellaentericaI_A0A3U9LC02_SALET	Salmon
1reg_SalmonellaentericaI_A0A3Y8CPJ8_SALET	Salmon
1reg_SalmonellaentericaI_A0A3V2DEN1_SALET	Salmon
1reg_SalmonellaentericaI_A0A3V7LJZ3_SALET	Salmon
1reg_SalmonellaentericaI_A0A3U7JBB1_SALET	Salmon
1reg_SalmonellaentericaSalmonellacholeraesuis_A0A3V5MKB3_SALER	Salmon
1reg_SalmonellaentericaSalmonellacholeraesuis_A0A3V5FIL0_SALER	Salmon
1reg_SalmonellaentericaI_A0A3T7JNH4_SALET	Salmon
1reg_SalmonellaentericaSalmonellacholeraesuis_A0A3V6W884_SALER	Salmon
1reg_SalmonellaentericasubspentericaserovarAltona_A0A3V4SNH2_SALET	Salmon
1reg_SalmonellaentericasubspentericaserovarInvernessstrR83668_G5N889_SALET	Salmon
1reg_SalmonellaentericaSalmonellacholeraesuis_A0A3V7ZTM1_SALER	Salmon
1reg_SalmonellaentericaI_A0A3T4D5I7_SALET	Salmon
1reg_SalmonellaentericaSalmonellacholeraesuis_A0A3X6VD99_SALER	Salmon
1reg_SalmonellaentericaSalmonellacholeraesuis_A0A3U0M1G7_SALER	Salmon
1reg_SalmonellaentericaSalmonellacholeraesuis_A0A3V6IZA9_SALER	Salmon
1reg_SalmonellaentericaI_A0A3Z2ACH3_SALET	Salmon
1reg_SalmonellaentericaSalmonellacholeraesuis_A0A3W9UKB5_SALER	Salmon
1reg_SalmonellaentericaSalmonellacholeraesuis_A0A3V5SMZ7_SALER	Salmon
1reg_SalmonellaentericasubspentericaserovarGive_A0A3U3R757_SALET	Salmon
1reg_SalmonellaentericasubspentericaserovarRubislawstrA4653_G5QDW8_SALRU	Salmon
1reg_SalmonellaentericaI_A0A3Y0I1N2_SALET	Salmon
1reg_SalmonellaentericaSalmonellacholeraesuis_A0A3W7RD15_SALER	Salmon
1reg_SalmonellaentericaI_A0A3Z4BHF5_SALET	Salmon
1reg_Yersiniapekkanenii_A0A0T9PNJ8_9GAMM	Yersin
1reg_Serratiasp142641_A0A1C7W6Z8_9GAMM	Serrat
1reg_Serratiafonticola_A0A1Q5V7D9_SERFO	Serrat
1reg_Yersiniapseudotuberculosis_A0A3G5KGF4_YERPU	Yersin
1reg_Yersiniapseudotuberculosis_A0A380Q519_YERPU	Yersin
1reg_Yersiniawautersii_A0A0E8XTC1_9GAMM	Yersin
1reg_Yersiniasimilis_A0A0T9RPZ5_9GAMM	Yersin
1reg_YersiniapseudotuberculosisserotypeO1bstrainIP31758_A0A0U1QZ56_YERP3	Yersin
1reg_Yersiniapseudotuberculosis_A0A0T9N0F9_YERPU	Yersin
1reg_YersiniapseudotuberculosisserotypeO1bstrainIP31758_A0A0U1R175_YERP3	Yersin
1reg_Yersiniapseudotuberculosis_A0A3G5IUK8_YERPU	Yersin
1reg_YersiniapseudotuberculosisserotypeIstrainIP32953_Q664Z7_YERPS	Yersin
2reg_Yersiniapestis_Q8D1M6_YERPE	Yersin
1reg_YersiniapseudotuberculosisserotypeO3strainYPIII_A0A0H3AZZ1_YERPY	Yersin
1reg_SerratiafonticolaAUP33_U2LTU8_SERFO	Serrat
1reg_Yersinianurmii_A0A0T9KAR4_9GAMM	Yersin
1reg_Yersiniaentomophaga_A0A3S6F1G4_YERET	Yersin
1reg_Yersiniapseudotuberculosis_A0A0T9MWP1_YERPU	Yersin
1reg_Yersiniapseudotuberculosis_Q6EVP5_YERPU	Yersin
1reg_YersiniapseudotuberculosisserotypeO1bstrainIP31758_A0A0U1QVP3_YERP3	Yersin
1reg_Yersiniawautersii_A0A0E8XLK1_9GAMM	Yersin
1reg_Proteusmirabilis_A0A2X2C1R7_PROMI	Proteu
1reg_ProvidenciasneebiaDSM19967_K8WMS8_9GAMM	Provid
2reg_ProvidenciastuartiiATCC25827_B2Q769_PROST	Provid
1reg_Providenciastuartii_A0A379H529_PROST	Provid
2reg_ProvidenciastuartiiATCC25827_B2Q643_PROST	Provid
1reg_PhotorhabdusspHUG39_A0A329WV44_9GAMM	Photor
1reg_Photorhabdusbodei_A0A329WUN0_9GAMM	Photor
1reg_PhotorhabduslaumondiisubsplaumondiistrainDSM15139CIP105565TT01_Q7MZK5_PHOLL	Photor
1reg_PhotorhabduskhaniiNC19_W3V226_9GAMM	Photor
1reg_PhotorhabdustemperatasubsptemperataM1021_T0P632_PHOTE	Photor
1reg_PhotorhabdustemperatasubsptemperataMeg1_A0A081RSD6_PHOTE	Photor
1reg_PhotorhabdustemperataJ3_U7R2C2_PHOTE	Photor
1reg_PhotorhabdusasymbioticasubspasymbioticastrainATCC43949310577Xenorhabdusluminescensstrain2_B6VN31_PHOAA	Photor
1reg_Photorhabdustemperata_A0A4R7PK31_PHOTE	Photor
1reg_Photorhabdustemperata_A0A4R7P5Y7_PHOTE	Photor
1reg_Xenorhabdusbudapestensis_A0A2D0IRM7_XENBU	Xenorh
1reg_XenorhabdusbovieniistrfeltiaeFlorida_A0A077N227_XENBV	Xenorh
1reg_Xenorhabdusbovieniistroregonense_A0A077P8U8_XENBV	Xenorh
1reg_Xenorhabdusstockiae_A0A2D0KAR5_9GAMM	Xenorh
1reg_XenorhabdusnematophilaAN61_A0A0R4CYX5_XENNE	Xenorh
1reg_XenorhabdusszentirmaiiDSM16338_W1IWP7_9GAMM	Xenorh
1reg_Xenorhabdusmauleonii_A0A1I3VDI7_9GAMM	Xenorh
1reg_XenorhabdusspKK74_A0A2D0K132_9GAMM	Xenorh
1reg_Xenorhabdusbovieniistroregonense_A0A077P4B6_XENBV	Xenorh
1reg_Xenorhabdusbudapestensis_A0A2D0IVJ9_XENBU	Xenorh
1reg_Xenorhabdusehlersii_A0A2D0IQJ6_9GAMM	Xenorh
1reg_ErwiniabillingiaestrainEb661_D8MWY1_ERWBE	Erwini
1reg_IzhakiellaspKSNA2_A0A4P8YM06_9ENTR	Izhaki
1reg_DickeyasolaniRNS082331A_A0A2K8W5C1_9GAMM	Dickey
1reg_PectobacteriumcarotovorumErwiniacarotovora_A0A419AQ21_PECCA	Pectob
1reg_PectobacteriumcarotovorumErwiniacarotovora_A0A221T3V6_PECCA	Pectob
1reg_Pectobacteriumpolonicum_A0A4U7KBI4_9GAMM	Pectob
1reg_Pectobacteriumparmentieri_A0A3S9XL52_PECPM	Pectob
1reg_Ewingellaamericana_A0A377NEM5_9GAMM	Ewinge
1reg_EwingellaamericanaATCC33852_A0A085GIL9_9GAMM	Ewinge
1reg_Erwiniaceaebacterium_A0A3D5MBS0_9GAMM	Erwini
1reg_PantoeaspPNA033_A0A2V3Q9F8_9GAMM	Pantoe
1reg_Pantoeadispersa_A0A518XE28_9GAMM	Pantoe
1reg_Pantoeaallii_A0A2V2BGU5_9GAMM	Pantoe
1reg_PantoeaananatisstrainAJ13355_A0A0H3KSV3_PANAA	Pantoe
1reg_PantoeaananatisstrainLMG20103_D4GLX3_PANAM	Pantoe
1reg_PseudescherichiavulnerisNBRC102420_A0A090V096_PSEVU	Pseude
1reg_Enterobacteriaceaebacterium_A0A351NPL2_9ENTR	Entero
1reg_EnterobacterspBIDMC92_A0A0J1VNJ6_9ENTR	Entero
1reg_Lelliottianimipressuralis_A0A2L2JAQ1_9ENTR	Lellio
1reg_Enterobacterchengduensis_A0A0F4BK41_9ENTR	Entero
1reg_Klebsiellapneumoniae_A0A331MTR2_KLEPN	Klebsi
1reg_Enterobactercloacae_A0A4Q8WYM5_ENTCL	Entero
1reg_Enterobacterkobei_A0A2J0PP56_9ENTR	Entero
1reg_Enterobacterkobei_A0A330DA39_9ENTR	Entero
1reg_EnterobacterspBIDMC92_A0A0J1VT41_9ENTR	Entero
1reg_Enterobactercloacae_A0A2T4XZ31_ENTCL	Entero
1reg_Enterobacterroggenkampii_A0A384H8K1_9ENTR	Entero
1reg_Enterobactercloacaecomplexsp_A0A4P6XY74_9ENTR	Entero
1reg_Enterobactersp18A13_A0A4V0P614_9ENTR	Entero
1reg_Enterobactermori_A0A2J0NX43_9ENTR	Entero
1reg_EnterobactergenomospO_A0A0X4ET76_9ENTR	Entero
1reg_Enterobacterhormaechei_A0A3S0I4K6_9ENTR	Entero
1reg_KlebsiellaaerogenesEnterobacteraerogenes_A0A146AMC2_KLEAE	Klebsi
1reg_SerratiaspMYb239_A0A2R3GWP4_9GAMM	Serrat
1reg_SerratiarubidaeaSerratiamarinorubra_A0A2X5EKW8_SERRU	Serrat
1reg_SerratiaspFGI94_L0MED5_9GAMM	Serrat
1reg_SerratiaspFGI94_L0MC62_9GAMM	Serrat
1reg_SerratiarubidaeaSerratiamarinorubra_A0A3S5B237_SERRU	Serrat
1reg_SerratiarubidaeaSerratiamarinorubra_A0A4U9HBL8_SERRU	Serrat
1reg_SerratiarubidaeaSerratiamarinorubra_A0A3S5F170_SERRU	Serrat
1reg_SerratiaodoriferaDSM4582_D4DXQ4_SEROD	Serrat
2reg_Serratiaficaria_A0A240BNR6_SERFI	Serrat
2reg_Serratiaficaria_A0A240C2H1_SERFI	Serrat
1reg_Serratiamarcescens_A0A379ZQM3_SERMA	Serrat
1reg_Serratiamarcescens_A0A1C3HDE4_SERMA	Serrat
1reg_Serratiamarcescens_A0A542C0Q4_SERMA	Serrat
1reg_Serratiamarcescens_A0A221FPP4_SERMA	Serrat
1reg_Serratiamarcescens_A0A0P0QEN2_SERMA	Serrat
1reg_SerratiaspOLAL2_A0A2G7ZQZ0_9GAMM	Serrat
1reg_Klebsiellaoxytoca_A0A168Q1K3_KLEOX	Klebsi
1reg_Serratiamarcescens_A0A221DQF6_SERMA	Serrat
1reg_PluralibactergergoviaeEnterobactergergoviae_A0A379D648_PLUGE	Plural
1reg_PluralibactergergoviaeEnterobactergergoviae_A0A1Y4XNM8_PLUGE	Plural
1reg_PluralibactergergoviaeEnterobactergergoviae_A0A0J5KZL1_PLUGE	Plural
1reg_SerratiarubidaeaSerratiamarinorubra_A0A2X5AE10_SERRU	Serrat
1reg_Serratiaodorifera_A0A447KRN3_SEROD	Serrat
1reg_Klebsiellapneumoniaesubspozaenae_A0A377Z2P9_KLEPO	Klebsi
1reg_SerratiaspMYb239_A0A2R3H4K0_9GAMM	Serrat
1reg_SerratiarubidaeaSerratiamarinorubra_A0A2X5B2G5_SERRU	Serrat
1reg_SerratiaspFGI94_L0MAZ8_9GAMM	Serrat
1reg_SerratiarubidaeaSerratiamarinorubra_A0A448SCD4_SERRU	Serrat
1reg_SerratiarubidaeaSerratiamarinorubra_A0A448SGN8_SERRU	Serrat
1reg_Serratiaproteamaculans_A0A1W5DJY3_9GAMM	Serrat
1reg_Serratiaproteamaculans_A0A4Z0DW86_9GAMM	Serrat
1reg_Serratiaproteamaculans_A0A4Q4LLM6_9GAMM	Serrat
2reg_Serratiaquinivorans_A0A2X2GG82_9GAMM	Serrat
1reg_MangrovibacterspMFB070_A0A071LYQ7_9ENTR	Mangro
1reg_ErwiniapiriflorinigransCFBP5888_V5ZB99_9GAMM	Erwini
1reg_ErwiniatasmaniensisstrainDSM17950CIP109463Et199_B2VCU1_ERWT9	Erwini
1reg_ErwiniatasmaniensisstrainDSM17950CIP109463Et199_B2VCM4_ERWT9	Erwini
1reg_ErwiniaamylovorastrainCFBP1430_D4HY66_ERWAC	Erwini
1reg_ErwiniaamylovoraATCCBAA2158_E5B858_ERWAM	Erwini
1reg_ErwiniaamylovorastrainCFBP1430_D4HZN7_ERWAC	Erwini
1reg_ErwiniapyrifoliaestrainDSM12163CIP106111Ep1696_D2T7Q1_ERWP6	Erwini
1reg_ErwiniapyrifoliaestrainDSM12163CIP106111Ep1696_D2T597_ERWP6	Erwini
1reg_ErwiniaspstrainEjp617_E3DF13_ERWSE	Erwini
1reg_ErwiniaspstrainEjp617_E3DCY3_ERWSE	Erwini
1reg_AcidovoraxavenaestrainATCC19860DSM7227JCM20985NCPPB1011_F0Q824_ACIAP	Acidov
1reg_Acidovoraxsp657_A0A1Q3J2V0_9BURK	Acidov
1reg_AcidovoraxspSCN6528_A0A1E3ZV09_9BURK	Acidov
1reg_AcidovoraxspHMWF029_A0A2R7M2X8_9BURK	Acidov
1reg_Acidovoraxkalamii_A0A235ELT4_9BURK	Acidov
1reg_Comamonadaceaebacterium_A0A4Q3PBP1_9BURK	Comamo
2reg_LampropediaspYIMMLB12_A0A4S5BGV5_9BURK	Lampro
1reg_Variovoraxsp_A0A521P5R6_9BURK	Variov
1reg_Variovoraxsp_A0A2E9BQN3_9BURK	Variov
1reg_Variovoraxsp679_A0A3S0BDN6_9BURK	Variov
1reg_VariovoraxspYR750_A0A1H7LKM4_9BURK	Variov
1reg_Variovoraxgossypii_A0A431TJY3_9BURK	Variov
1reg_VariovoraxspOK202_A0A1H6ZVB2_9BURK	Variov
1reg_Variovoraxguangxiensis_A0A3S1A700_9BURK	Variov
1reg_VariovoraxspYR752_A0A286AWR1_9BURK	Variov
1reg_VariovoraxspBK151_A0A4R1YUS4_9BURK	Variov
1reg_VariovoraxspSCN6785_A0A1E4J661_9BURK	Variov
1reg_VariovoraxspPMC12_A0A2P1VG95_9BURK	Variov
1reg_BurkholderiacepaciaPseudomonascepacia_A0A0J5WSD5_BURCE	Burkho
1reg_Paraburkholderiamegapolitana_A0A1I3UF06_9BURK	Parabu
1reg_Burkholderiaoklahomensis_A0A381BQ62_9BURK	Burkho
1reg_JanthinobacteriumagaricidamnosumNBRC102515DSM9628_W0V7G3_9BURK	Janthi
2reg_DuganellaspBJB480_A0A3E1SGW7_9BURK	Dugane
2reg_DuganellaspCF458_A0A1I2JDA5_9BURK	Dugane
2reg_DuganellaspRoot1480D1_A0A0Q7X3Q1_9BURK	Dugane
1reg_DuganellaspBK054_A0A4Q7XCC2_9BURK	Dugane
2reg_Trinickiasymbiotica_A0A2N7X1I9_9BURK	Trinic
1reg_Paraburkholderiasp7MK82_A0A494X6Q0_9BURK	Parabu
1reg_Pseudomonassynxantha_Q9AEW4_9PSED	Pseudo
1reg_Burkholderiastabilis_A0A1Y1BMG6_9BURK	Burkho
1reg_BurkholderiapyrrociniaPseudomonaspyrrocinia_A0A087NYA0_BURPY	Burkho
1reg_BurkholderiacepaciaPseudomonascepacia_A0A2S8INS1_BURCE	Burkho
1reg_BurkholderiaspNFACC381_A0A1I0LAT2_9BURK	Burkho
1reg_BurkholderiaspLS044_A0A4S5D9I3_9BURK	Burkho
1reg_BurkholderiacepaciaPseudomonascepacia_A0A107NB65_BURCE	Burkho
1reg_BurkholderiaspAU4i_U2FGS0_9BURK	Burkho
1reg_BurkholderiacepaciaPseudomonascepacia_A0A2X1I8Z9_BURCE	Burkho
1reg_CitrobacterspMGH105_A0A0J1LRQ1_9ENTR	Citrob
1reg_Citrobacterfreundii_A0A3R9AUD3_CITFR	Citrob
1reg_Citrobacterfreundii_A0A1C0P5B8_CITFR	Citrob
1reg_Erwiniapsidii_A0A3N6RTP5_9GAMM	Erwini
1reg_PantoeacypripediiPectobacteriumcypripediiErwiniacypripedii_A0A1X1EVM4_PANCY	Pantoe
1reg_Pantoeaanthophila_A0A506NKS0_9GAMM	Pantoe
1reg_Pantoeadeleyi_A0A506PY18_9GAMM	Pantoe
1reg_BrenneriaspCFCC11842_A0A2U1TJ37_9GAMM	Brenne
1reg_Pantoeaalhagi_A0A1W6B2G7_9GAMM	Pantoe
1reg_Cronobactermuytjensii_A0A2T7AKX2_9ENTR	Cronob
1reg_CronobactersakazakiiEnterobactersakazakii_A0A3S9J561_CROSK	Cronob
1reg_Cronobactermalonaticus_V5TUQ6_9ENTR	Cronob
1reg_KosakoniaspAG348_A0A368ZWW4_9ENTR	Kosako
1reg_EnterobacterspR4368_R9VJV2_9ENTR	Entero
1reg_Kosakoniaarachidis_A0A1I7DY70_9ENTR	Kosako
1reg_KosakoniaradicincitansDSM16656_A0A1V0LCX5_9ENTR	Kosako
1reg_PluralibactergergoviaeEnterobactergergoviae_A0A0J5KJE6_PLUGE	Plural
1reg_PluralibactergergoviaeEnterobactergergoviae_A0A251ZL13_PLUGE	Plural
1reg_EnterobacterspWCHEs120003_A0A4R0FTF6_9ENTR	Entero
1reg_EnterobacteriaceaebacteriumNFIX31_A0A4R8KRB2_9ENTR	Entero
1reg_Enterobactersichuanensis_A0A0F0ZYU1_9ENTR	Entero
1reg_EnterobacterspBIDMC92_A0A0J1W0Z3_9ENTR	Entero
1reg_Enterobactercloacae_A0A411IRS5_ENTCL	Entero
1reg_Enterobacter_cloacae_ATCC_13047_ECL_01567	Entero
1reg_Enterobactercloacae_A0A421II24_ENTCL	Entero
1reg_Enterobactercloacaesubspcloacae_A0A0F0TP97_ENTCL	Entero
1reg_Enterobactercloacae_A0A4Q8WNY4_ENTCL	Entero
1reg_Enterobactersp18A13_A0A4P2WNK3_9ENTR	Entero
1reg_Enterobacterkobei_A0A2J0PII1_9ENTR	Entero
1reg_Enterobactercloacaecomplexsp_A0A2W0FW53_9ENTR	Entero
1reg_Enterobacterkobei_A0A330DA15_9ENTR	Entero
1reg_Enterobactercloacaecomplexsp_A0A4P6Y1L0_9ENTR	Entero
1reg_Enterobactercloacae_A0A2T4Y3B2_ENTCL	Entero
1reg_Lelliottianimipressuralis_A0A1J5WB24_9ENTR	Lellio
1reg_Enterobactercloacae_A0A144I1E1_ENTCL	Entero
1reg_Enterobactermori_A0A2J0NM37_9ENTR	Entero
1reg_EnterobacterspHN503E2II_A0A2T9VCA7_9ENTR	Entero
1reg_Enterobactercloacae_A0A330GCP0_ENTCL	Entero
1reg_Enterobacterasburiae_A0A143HTS5_ENTAS	Entero
1reg_EnterobacterspCGMCC5087_A0A2U3F0B5_9ENTR	Entero
1reg_Enterobacterasburiae_A0A376FCI8_ENTAS	Entero
1reg_Pantoeasesami_A0A1M5IIY1_9GAMM	Pantoe
1reg_Enterobacterchuandaensis_A0A3A3ZHF4_9ENTR	Entero
1reg_EnterobacterspMGH24_V3P3N5_9ENTR	Entero
1reg_Snodgrassellaalvi_A0A2N9X804_9NEIS	Snodgr
1reg_Snodgrassellaalvi_A0A1X0TDK5_9NEIS	Snodgr
1reg_Pseudomonasalcaliphila_A0A1G7BHB3_9PSED	Pseudo
1reg_Pseudomonas_protegens_Pf_5_PFL_6096	Pseudo
1reg_PseudomonasspNFACC36_A0A1K1WS02_9PSED	Pseudo
1reg_PseudomonasspFW305BF6_A0A2N8GTX6_9PSED	Pseudo
1reg_EscherichiaspKTE31_S0X4H8_9ESCH	Escher
1reg_Escherichiacoli_A0A2T3TP16_ECOLX	Escher
1reg_Frischellaperrara_A0A0A7RYW0_FRIPE	Frisch
1reg_Frischellaperrara_A0A0A7S213_FRIPE	Frisch
1reg_MixtaspBIT26_A0A506V6D9_9GAMM	Mixtas
1reg_CitrobacteryoungaeATCC29220_D4B984_9ENTR	Citrob
1reg_Enterobacillustribolii_A0A370QHD1_9ENTR	Entero
1reg_ChaniamultitudinisentensRB25_W0LB99_9GAMM	Chania
1reg_SerratiafonticolaAUP33_U2NX12_SERFO	Serrat
1reg_MorganellamorganiiProteusmorganii_A0A1M7GHV5_MORMO	Morgan
1reg_MorganellamorganiiProteusmorganii_A0A2X1TEE4_MORMO	Morgan
1reg_Morganellapsychrotolerans_A0A1B8H596_9GAMM	Morgan
1reg_Proteusmirabilis_A0A2X2BDJ1_PROMI	Proteu
1reg_Proteusmirabilis_A0A1Z1SWP4_PROMI	Proteu
1reg_ProvidenciastuartiistrainMRSN2154_A0A140NNT3_PROSM	Provid
1reg_ProvidenciastuartiistrainMRSN2154_A0A140NQ57_PROSM	Provid
1reg_Providenciastuartii_A0A379GR84_PROST	Provid
1reg_ProvidenciastuartiiATCC25827_B2PVL3_PROST	Provid
1reg_TatumellaspOPLPL6_A0A2G8C5L1_9GAMM	Tatume
1reg_SerratiarubidaeaSerratiamarinorubra_A0A2X5B018_SERRU	Serrat
1reg_SerratiaspMYb239_A0A2R3H2W5_9GAMM	Serrat
1reg_SerratiarubidaeaSerratiamarinorubra_A0A447QD32_SERRU	Serrat
1reg_SerratiarubidaeaSerratiamarinorubra_A0A4U9HM22_SERRU	Serrat
1reg_SerratiarubidaeaSerratiamarinorubra_A0A3S4X0V7_SERRU	Serrat
1reg_ErwiniabillingiaestrainEb661_D8MMS3_ERWBE	Erwini
1reg_Erwiniacitreus_A0A358L3P4_ERWCI	Erwini
1reg_Erwiniasp198_A0A3R9AU82_9GAMM	Erwini
1reg_Erwiniapsidii_A0A3N6TWR4_9GAMM	Erwini
1reg_Erwiniamallotivora_A0A014N4T1_9GAMM	Erwini
2reg_Erwiniatracheiphila_A0A345CUG7_9GAMM	Erwini
1reg_Ewingellaamericana_A0A2N0MVD0_9GAMM	Ewinge
1reg_EwingellaamericanaATCC33852_A0A085GP00_9GAMM	Ewinge
1reg_ErwiniaamylovoraATCCBAA2158_E5B8U1_ERWAM	Erwini
1reg_ErwiniaamylovorastrainCFBP1430_D4I0N8_ERWAC	Erwini
1reg_bacteriasymbiontBFo1ofFrankliniellaoccidentalis_A0A0J8YS07_9GAMM	bacter
1reg_Erwiniaaphidicola_A0A4R6PGL7_ERWAP	Erwini
1reg_Mixtatheicola_A0A2K1QDW0_9GAMM	Mixtat
1reg_Cronobactermuytjensii_A0A2T7AHS1_9ENTR	Cronob
1reg_CronobacteruniversalisNCTC9529_A0A376DW80_9ENTR	Cronob
1reg_Cronobactermalonaticus_V5TU15_9ENTR	Cronob
1reg_CronobacterdublinensissubspdublinensisLMG23823_A0A0K2NX67_9ENTR	Cronob
1reg_Cronobacterturicensis_A0A2T7AUC2_9ENTR	Cronob
1reg_CronobacterturicensisstrainDSM18703LMG23827z3032_C9Y459_CROTZ	Cronob
1reg_Cronobactersakazakii701_K8CHA2_CROSK	Cronob
1reg_CronobactersakazakiiEnterobactersakazakii_A0A3Q9CK68_CROSK	Cronob
1reg_CronobactersakazakiistrainATCCBAA894Enterobactersakazakii_A7MQ50_CROS8	Cronob
1reg_CronobactersakazakiiEnterobactersakazakii_A0A384ERA8_CROSK	Cronob
1reg_Mangrovibacterplantisponsor_A0A317Q5J2_9ENTR	Mangro
1reg_MangrovibacterspMFB070_A0A071LSW3_9ENTR	Mangro
1reg_PluralibactergergoviaeEnterobactergergoviae_A0A1Y4XA37_PLUGE	Plural
1reg_PantoeaspaB_E0M4Z1_9GAMM	Pantoe
2reg_PantoeaspBL1_A0A0F3LYJ8_9GAMM	Pantoe
2reg_PantoeaspGL12022402_A0A285J4S7_9GAMM	Pantoe
2reg_PantoeaspstrainAt9b_E6WET7_PANSA	Pantoe
2reg_PantoeaspASPWVM4_U2MMK9_9GAMM	Pantoe
1reg_Kosakoniaoryzae_A0A1T5GY19_9ENTR	Kosako
1reg_Kosakoniaarachidis_A0A1I7DL78_9ENTR	Kosako
1reg_Kosakoniaoryziphila_A0A1C4G850_9ENTR	Kosako
1reg_Kosakoniacowanii_A0A410K8B6_9ENTR	Kosako
1reg_KosakoniaspCCTCCM2018092_A0A3G9BLC1_9ENTR	Kosako
2reg_EnterobactercloacaeS611_V5AVE0_ENTCL	Entero
1reg_Kosakoniaoryzendophytica_A0A1C4C0U1_9ENTR	Kosako
1reg_KosakoniaspAG348_A0A368ZUP3_9ENTR	Kosako
1reg_EnterobacterspR4368_R9VM86_9ENTR	Entero
1reg_Oceanicolalitoreus_A0A1N6ICV9_9RHOB	Oceani
2reg_CaulobacterspRoot343_A0A0Q6V2U3_9CAUL	Caulob
2reg_Sphingomonassp_A0A520FPM8_SPHSX	Sphing
2reg_Oxalobacteraceaebacterium_A0A4Q3M1Q1_9BURK	Oxalob
2reg_SphingomonasspLeaf16_A0A0Q4FFK1_9SPHN	Sphing
2reg_ExiguobacteriumspS17_S3FL32_9BACL	Exiguo
2reg_SphingomonasspLeaf242_A0A0Q4QVZ6_9SPHN	Sphing
notm_Chondromycescrocatus_A0A0K1EKE4_CHOCO	Chondr
notm_Acidovoraxavenaesubspavenae_A0A2R4EBD8_9BURK	Acidov
notm_MassiliaspSOD_A0A430HNW0_9BURK	Massil
notm_PseudomonasspDMKUBBB304_A0A553GT80_9PSED	Pseudo
notm_PseudomonasspDMKUBBB304_A0A553GU87_9PSED	Pseudo
notm_Tahibacteraquaticus_A0A4R6Z6U7_9GAMM	Tahiba
notm_Xanthomonadalesbacterium6970_A0A1Q4FV57_9GAMM	Xantho
1reg_Acetobacteraceti_A0A1U9KCW0_ACEAC	Acetob
1reg_Swingsiasamuiensis_A0A4Y6UHZ5_9PROT	Swings
2reg_CandidatusMagnetomorumspHK1_A0A0N0D347_9DELT	Candid
2reg_CandidatusMagnetomorumspHK1_A0A0N0D358_9DELT	Candid
2reg_CandidatusMagnetomorumspHK1_A0A0N0D343_9DELT	Candid
2reg_Micrococcaceaebacterium_A0A351CVK6_9MICC	Microc
2reg_Burkholderiacontaminans_A0A3N8Q032_9BURK	Burkho
2reg_Burkholderiaterritorii_A0A125AD68_9BURK	Burkho
2reg_Burkholderiaambifaria_A0A2S9KVV8_9BURK	Burkho
2reg_Methylocaldummarinum_A0A250KV30_9GAMM	Methyl
2reg_PseudomonasspRIT412_A0A329J4N1_9PSED	Pseudo
1reg_PseudomonasspCMAA1215_U6ZRU9_9PSED	Pseudo
2reg_PseudomonasspFW50712TSA_A0A2K4J8M4_9PSED	Pseudo
2reg_PseudomonasspCMR12a_A0A3G7AB03_9PSED	Pseudo
2reg_Pseudomonasprotegens_A0A2T6GJY0_9PSED	Pseudo
2reg_Pseudomonas_protegens_Pf_5_PFL_6209	Pseudo
2reg_PseudomonasspCMAA1215_U7A234_9PSED	Pseudo
2reg_PseudomonasspFW50712TSA_A0A2K4JAF2_9PSED	Pseudo
2reg_Pseudomonasaeruginosa_A0A069QCF0_PSEAI	Pseudo
2reg_Pseudomonas_aeruginosa_PAO1_PA0093	Pseudo
2reg_RhizobiumspSLBN4_A0A542V2J2_9PSED	Rhizob
2reg_Pseudomonaschlororaphis_A0A423DPW5_9PSED	Pseudo
2reg_PseudomonasspFeS53a_A0A0D6SLQ5_9PSED	Pseudo
2reg_Pseudomonasnitroreducens_A0A246F9Y3_9PSED	Pseudo
2reg_Pseudomonasaeruginosa_A0A3S4WWR4_PSEAI	Pseudo
2reg_Pseudomonas_aeruginosa_PA14_PA14_01140	Pseudo
1reg_PseudomonasspNFACC231_A0A1H7DLH0_9PSED	Pseudo
2reg_Pseudomonasbrassicacearum_A0A423FRI8_9PSED	Pseudo
2reg_Sphingomonasjatrophae_A0A1I6M290_9SPHN	Sphing
2reg_Sphingomonassanguinis_A0A147J332_9SPHN	Sphing
2reg_Sphingomonasmucosissima_A0A245ZJ77_9SPHN	Sphing
2reg_SphingomonasspPPCE1G424_A0A4R2RQW6_9SPHN	Sphing
2reg_Pseudomonassp57B090624_A0A2W1MTR8_9PSED	Pseudo
2reg_Pseudomonasveronii_A0A432BG10_9PSED	Pseudo
2reg_Pseudomonasfluorescens_A0A161H4G4_PSEFL	Pseudo
2reg_Pseudomonassp43mfcvi11_A0A2V1YCC8_9PSED	Pseudo
2reg_Pseudomonasabietaniphila_A0A1G7ZQW9_9PSED	Pseudo
2reg_PseudomonasspMWU122534b_A0A365W4J7_9PSED	Pseudo
2reg_PseudomonasspCMR12a_A0A3G7AJ59_9PSED	Pseudo
2reg_Pseudomonasbrassicacearum_A0A423FRI1_9PSED	Pseudo
2reg_PseudomonasspNFACC501_A0A2T0YTV5_9PSED	Pseudo
2reg_PseudomonasspH32019_A0A558F0I2_9PSED	Pseudo
2reg_PseudomonasspTC11_A0A2T5PFS4_9PSED	Pseudo
2reg_PseudomonasspICMP561_A0A2G0VNE7_9PSED	Pseudo
2reg_Pseudomonasaeruginosa_A0A2R3IMB8_PSEAI	Pseudo
2reg_Pseudomonasfuscovaginae_A0A0N0VJI0_9PSED	Pseudo
2reg_PseudomonasspSHC52_A0A0A1HR54_9PSED	Pseudo
2reg_PseudomonasgingeriNCPPB3146LMG5327_A0A2K1FLR4_9PSED	Pseudo
2reg_PolyangiumspSDU31_A0A4U1HY27_9DELT	Polyan
2reg_ChondromycesapiculatusDSM436_A0A017T9G0_9DELT	Chondr
2reg_SorangiumcellulosumPolyangiumcellulosum_A0A150QP61_SORCE	Sorang
2reg_SorangiumcellulosumPolyangiumcellulosum_A0A4P2QY60_SORCE	Sorang
2reg_SorangiumcellulosumPolyangiumcellulosum_A0A4V0NEY0_SORCE	Sorang
2reg_SorangiumcellulosumPolyangiumcellulosum_A0A4P2R5S5_SORCE	Sorang
2reg_SorangiumcellulosumPolyangiumcellulosum_A0A2L0FBS7_SORCE	Sorang
2reg_Chondromycescrocatus_A0A0K1ECF3_CHOCO	Chondr
2reg_Polyangiumfumosum_A0A4U1JB68_9DELT	Polyan
1reg_Chondromycescrocatus_A0A0K1EN04_CHOCO	Chondr
1reg_Polyangiumfumosum_A0A4U1IQ88_9DELT	Polyan
2reg_ChondromycesapiculatusDSM436_A0A017T625_9DELT	Chondr
1reg_SorangiumcellulosumPolyangiumcellulosum_A0A4P2Q8Z6_SORCE	Sorang
2reg_Collimonasarenae_A0A0A1FHB4_9BURK	Collim
2reg_Collimonaspratensis_A0A127Q3U8_9BURK	Collim
2reg_PseudomonasspTAD18_A0A105TNZ6_9PSED	Pseudo
2reg_Pseudomonasgraminis_A0A1C2E0V0_9PSED	Pseudo
2reg_PseudomonasputidaArthrobactersiderocapsulatus_A0A1X0ZTV5_PSEPU	Pseudo
2reg_Pseudomonassyringaepvdelphinii_A0A0P9R679_9PSED	Pseudo
2reg_PseudomonasplecoglossicidaNB2011_S2JWA6_9PSED	Pseudo
1reg_PseudomonasspGM84_J3IVX9_9PSED	Pseudo
2reg_PseudomonasspLP7YM_A0A4R7W8D2_9PSED	Pseudo
1reg_Pseudomonassp_A0A355R0Y2_PSESP	Pseudo
2reg_PseudomonasspLS2_A0A3A6RNH6_9PSED	Pseudo
2reg_Pseudomonassyringaegroupgenomosp3_A0A2K4WKK2_9PSED	Pseudo
2reg_Pseudomonassyringaepvtheae_A0A0Q0KYQ8_PSESX	Pseudo
2reg_PseudomonassyringaepvactinidiaeICMP18807_S6URJ2_PSESF	Pseudo
2reg_Pseudomonasavellanae_A0A261WJF4_9PSED	Pseudo
2reg_PseudomonasspNFACC02_A0A1H9ECX6_9PSED	Pseudo
2reg_Pseudomonasplecoglossicida_A0A495PFA5_9PSED	Pseudo
2reg_Pseudomonasplecoglossicida_A0A0B5K4A9_9PSED	Pseudo
2reg_PseudomonasputidaArthrobactersiderocapsulatus_A0A2W5P0J4_PSEPU	Pseudo
2reg_PseudomonasputidaArthrobactersiderocapsulatus_A0A3M8S6Q8_PSEPU	Pseudo
2reg_Pseudomonassyringaepvspinaceae_A0A0Q0DET3_PSESX	Pseudo
2reg_Pseudomonasfloridensis_A0A1X0MZ87_9PSED	Pseudo
2reg_Pseudomonasfluorescens_A0A0F4TG59_PSEFL	Pseudo
2reg_Pseudomonascongelans_A0A0P9MRV0_9PSED	Pseudo
2reg_Pseudomonassyringaepvpisi_A0A3M3CU57_PSESJ	Pseudo
2reg_Pseudomonassavastanoipvglycineastrrace4_F3C5Y4_PSESG	Pseudo
2reg_Pseudomonassyringaepvprimulae_A0A3M3XY64_9PSED	Pseudo
2reg_Pseudomonassyringaepvactinidiae_A0A454FUX4_PSESF	Pseudo
2reg_Pseudomonassyringae_A0A3M3BTA7_PSESX	Pseudo
2reg_Pseudomonassyringae_A0A244EMM5_PSESX	Pseudo
2reg_PseudomonassavastanoipvglycineaPseudomonassyringaepvglycinea_A0A3M4MGR6_PSESG	Pseudo
2reg_Pseudomonassavastanoipvglycineastrrace4_E7PNC8_PSESG	Pseudo
2reg_HerbaspirillumspK1R2330_A0A3A3FL93_9BURK	Herbas
2reg_Methylocaldummarinum_A0A250KTD5_9GAMM	Methyl
2reg_DuganellaspRoot198D2_A0A0Q8RU04_9BURK	Dugane
2reg_DuganellaspCF458_A0A1I2SII8_9BURK	Dugane
2reg_HerbaspirillumspK1R2330_A0A3A3FS39_9BURK	Herbas
2reg_HerbaspirillumspK1R2330_A0A3A3FXR3_9BURK	Herbas
2reg_JanthinobacteriumspCG232_A0A0S4K7Z2_9BURK	Janthi
2reg_JanthinobacteriumspCG232_A0A0S4NT69_9BURK	Janthi
2reg_Massiliaviolaceinigra_A0A2D2DGA4_9BURK	Massil
2reg_JanthinobacteriumspCG232_A0A0S4K5F6_9BURK	Janthi
2reg_Massiliaplicata_A0A4P7BA91_9BURK	Massil
2reg_Massiliaarmeniaca_A0A2R4CC69_9BURK	Massil
2reg_Massiliaphosphatilytica_A0A2S8H0I5_9BURK	Massil
1reg_MassiliaspJS1662_A0A098U7E6_9BURK	Massil
2reg_MassiliaspPDC64_A0A1G6RV81_9BURK	Massil
2reg_Paraburkholderiamegapolitana_A0A1I3VM54_9BURK	Parabu
2reg_Paraburkholderiaphenazinium_A0A1G7VRN6_9BURK	Parabu
2reg_bacteriumM00FCaET1910111_A0A4S0ILF9_9BACT	bacter
2reg_TrinickiacaryophylliParaburkholderiacaryophylli_A0A1X7F900_TRICW	Trinic
2reg_RalstoniasolanacearumstrainGMI1000Pseudomonassolanacearum_Q8XTX0_RALSO	Ralsto
2reg_RalstoniasolanacearumPseudomonassolanacearum_A0A399W0W1_RALSL	Ralsto
2reg_RalstoniasolanacearumFQY4_M4UIB1_RALSL	Ralsto
2reg_blooddiseasebacteriumA2HRMARDI_A0A1U9VJ00_9RALS	bloodd
2reg_PseudescherichiavulnerisNBRC102420_A0A090VQ03_PSEVU	Pseude
2reg_Mixtatheicola_A0A2K1QA20_9GAMM	Mixtat
2reg_Erwiniatypographi_A0A0A3ZRM4_9GAMM	Erwini
2reg_Mixtagaviniae_A0A2L0IB46_9GAMM	Mixtag
2reg_MangrovibacterspMFB070_A0A071LR25_9ENTR	Mangro
1reg_EnterobacteragglomeransErwiniaherbicolaPantoeaagglomerans_A0A379LRI3_ENTAG	Entero
2reg_Pantoeaanthophila_A0A506P5P9_9GAMM	Pantoe
2reg_Pantoeadispersa_A0A518XJ76_9GAMM	Pantoe
2reg_Pantoeaallii_A0A2V2BEC3_9GAMM	Pantoe
2reg_Pantoeaeucalypti_A0A506PDP8_9GAMM	Pantoe
2reg_Pantoearwandensis_A0A1X1D1H9_9GAMM	Pantoe
2reg_Pantoeadispersa_A0A518X9L3_9GAMM	Pantoe
2reg_Mixtagaviniae_A0A1X1DEN4_9GAMM	Mixtag
2reg_Serratiaproteamaculansstrain568_TRE1_SERP5	Serrat
2reg_Serratia_proteamaculans_Spro_3017	Serrat
2reg_Serratiaproteamaculans_A0A4Q4LFA8_9GAMM	Serrat
1reg_Serratiaodorifera_A0A3S4FSH4_SEROD	Serrat
2reg_SerratiaodoriferaDSM4582_D4E4Q1_SEROD	Serrat
2reg_EnterobacteriaceaebacteriumNFIX31_A0A4R8KRT0_9ENTR	Entero
1reg_KlebsiellaaerogenesEnterobacteraerogenes_A0A145P8C6_KLEAE	Klebsi
2reg_Enterobactersp18A13_A0A4P2WNI2_9ENTR	Entero
2reg_Enterobactercloacae_A0A3B7Q4B1_ENTCL	Entero
2reg_EnterobacterhormaecheiATCC49162_F5RYJ2_9ENTR	Entero
2reg_KosakoniaspCCTCCM2018092_A0A3G9BJZ3_9ENTR	Kosako
2reg_KosakoniaspS29_A0A1I2I252_9ENTR	Kosako
2reg_EnterobacteriaceaebacteriumENNIH2_A0A2I8QT41_9ENTR	Entero
1reg_Phytobacterursingii_A0A508UBG4_9GAMM	Phytob
2reg_PluralibactergergoviaeEnterobactergergoviae_A0A1S2BGE6_PLUGE	Plural
2reg_Erwiniamallotivora_A0A014NU90_9GAMM	Erwini
2reg_PantoeaspaB_E0M505_9GAMM	Pantoe
2reg_SphingomonasspPPCE1G424_A0A4R2S067_9SPHN	Sphing
2reg_SphingomonasspLeaf242_A0A0Q4QU74_9SPHN	Sphing
2reg_Marinobacteriumstanieri_A0A1N6WZQ9_9GAMM	Marino
2reg_Paracoccuslutimaris_A0A368Z3M7_9RHOB	Paraco
2reg_Paracoccussp42_A0A3M0MA30_9RHOB	Paraco
2reg_Paracoccusaminovorans_A0A1I2ZPM0_9RHOB	Paraco
1reg_AcidomonasmethanolicaNBRC104435_A0A023D7D7_ACIMT	Acidom
2reg_RoseomonascervicalisATCC49957_D5RJR9_9PROT	Roseom
1reg_Neoasaiachiangmaiensis_A0A1U9KLX9_9PROT	Neoasa
1reg_AcetobacternitrogenifigensDSM23921LMG23498_A0A511X5I3_9PROT	Acetob
1reg_ExiguobacteriumspS17_S3FJD4_9BACL	Exiguo
1reg_SphingomonasspLeaf230_A0A0Q4IRZ6_9SPHN	Sphing
2reg_Inquilinuslimosus_A0A211Z7Y4_9PROT	Inquil
2reg_CaulobacterspRoot1472_A0A0Q7WH50_9CAUL	Caulob
2reg_Caulobacterrhizosphaerae_A0A561NIV5_9CAUL	Caulob
2reg_CaulobacterspUNC279MFTsu51_A0A1I3SLZ6_9CAUL	Caulob
2reg_AzospirillumspRU38E_A0A239K308_9PROT	Azospi
1reg_Nitrospirillumamazonense_A0A560H480_9PROT	Nitros
2reg_Nitrospirillumamazonense_A0A560EUS6_9PROT	Nitros
1reg_Nitrospirillumamazonense_A0A560IF00_9PROT	Nitros
1reg_Nitrospirillumamazonense_A0A560FJC7_9PROT	Nitros
1reg_Nitrospirillumamazonense_A0A560JA01_9PROT	Nitros
2reg_CandidatusMagnetomorumspHK1_A0A0N0D097_9DELT	Candid
2reg_Nannocystisexedens_A0A1I2DU92_9DELT	Nannoc
1reg_JanthinobacteriumspCG232_A0A0S4KDC8_9BURK	Janthi
1reg_JanthinobacteriumspCG232_A0A0S4JV62_9BURK	Janthi
1reg_Massiliaviolaceinigra_A0A2D2DP45_9BURK	Massil
1reg_Tistrellasp_A0A2E3EI93_9PROT	Tistre
1reg_Tistrellasp_A0A2D8Q977_9PROT	Tistre
1reg_Sphingomonassanguinis_A0A147HT25_9SPHN	Sphing
1reg_SphingomonasspSph12015_A0A1R1YUF1_9SPHN	Sphing
2reg_Paracoccussiganidrum_A0A418ZUB0_9RHOB	Paraco
2reg_Yersiniawautersii_A0A0E8XP77_9GAMM	Yersin
2reg_Yersiniapestis_Q8D1M9_YERPE	Yersin
2reg_YersiniapseudotuberculosisserotypeO1bstrainIP31758_A0A0U1R1L8_YERP3	Yersin
2reg_Yersiniaaldovae_A0A0T9USR7_YERAL	Yersin
2reg_Yersiniapseudotuberculosis_A0A380Q3G9_YERPU	Yersin
2reg_Serratiafonticola_A0A542BNL9_SERFO	Serrat
2reg_Serratiafonticola_A0A4V1FML9_SERFO	Serrat
2reg_Serratiasp3ACOL1_A0A3G2FC37_9GAMM	Serrat
2reg_Xenorhabdusstockiae_A0A2D0KNG6_9GAMM	Xenorh
2reg_Xenorhabdusmauleonii_A0A1I3YNR2_9GAMM	Xenorh
2reg_XenorhabdusbovieniistrainSS2004_D3UYQ4_XENBS	Xenorh
2reg_Xenorhabdusstockiae_A0A2D0KM22_9GAMM	Xenorh
2reg_Xenorhabdusvietnamensis_A0A1Y2SDR5_9GAMM	Xenorh
2reg_Xenorhabdusvietnamensis_A0A1Y2SGR8_9GAMM	Xenorh
1reg_Xenorhabdusdoucetiae_A0A068QTM5_9GAMM	Xenorh
2reg_XenorhabdusbovieniistrIntermedium_A0A077QAR4_XENBV	Xenorh
2reg_XenorhabdusnematophilaAN61_A0A0R4FQ06_XENNE	Xenorh
2reg_Photorhabdusaustralis_A0A1C0U1F7_9GAMM	Photor
2reg_Photorhabduskhaniisubspguanajuatensis_A0A4R4IMC2_9GAMM	Photor
2reg_PhotorhabduskhaniiNC19_W3VF39_9GAMM	Photor
2reg_Photorhabdustemperata_A0A4R7Q257_PHOTE	Photor
2reg_Photorhabdustemperata_A0A4R7Q4Y9_PHOTE	Photor
2reg_PhotorhabdusluminescensXenorhabdusluminescens_A0A1G5QYB3_PHOLU	Photor
2reg_PhotorhabdusspHUG39_A0A329WRX9_9GAMM	Photor
2reg_Photorhabdusnamnaonensis_A0A1B8YB78_9GAMM	Photor
2reg_Photorhabduslaumondiisubspclarkei_A0A329VD31_9GAMM	Photor
2reg_PhotorhabdusluminescensXenorhabdusluminescens_A0A1G5REW1_PHOLU	Photor
2reg_PhotorhabduslaumondiisubsplaumondiistrainDSM15139CIP105565TT01_Q7N2G0_PHOLL	Photor
2reg_Photorhabduslaumondiisubspclarkei_A0A329VKN4_9GAMM	Photor
2reg_Photorhabdusbodei_A0A329X5D5_9GAMM	Photor
2reg_Polyangiumbrachysporum_A0A0G3BTL3_9BURK	Polyan
1reg_Actinobacteriabacterium_A0A3C1DI64_9ACTN	Actino
2reg_GranulicellamallensisstrainATCCBAA1857DSM23137MP5ACTX8_G8NU06_GRAMM	Granul
1reg_Burkholderiapseudomallei1710a_A0A0E1VVW5_BURPE	Burkho
1reg_Burkholderiasp2002721687_A0A0D5L8T3_9BURK	Burkho
1reg_BurkholderiathailandensisstrainATCC700388DSM13276CIP106301E264_Q2T5B9_BURTA	Burkho
2reg_EscherichiacoliB354_D6J714_ECOLX	Escher
2reg_Escherichiacoli_A0A2X5EKF1_ECOLX	Escher
2reg_Escherichiacoli113303_U9YDZ2_ECOLX	Escher
2reg_SalmonellaentericaSalmonellacholeraesuis_A0A485GWK3_SALER	Salmon
2reg_SalmonellaentericaI_A0A3Y0GAU0_SALET	Salmon
2reg_SalmonellaentericaI_A0A3Z7AXR0_SALET	Salmon
2reg_SalmonellaentericaI_A0A3U1ENP1_SALET	Salmon
2reg_SalmonellaentericaI_A0A3Z0UKC7_SALET	Salmon
2reg_SalmonellaentericaI_A0A3V9SIG5_SALET	Salmon
2reg_SalmonellaentericaI_A0A3Z1APN1_SALET	Salmon
2reg_SalmonellaentericaI_A0A3T6S439_SALET	Salmon
2reg_SalmonellaentericaI_A0A3U7VYT8_SALET	Salmon
2reg_SalmonellaentericaSalmonellacholeraesuis_A0A3V8YEX7_SALER	Salmon
2reg_SalmonellaentericasubspentericaserovarBraenderup_A0A3V2VW53_SALET	Salmon
2reg_SalmonellaentericaI_A0A3Z3M7Q4_SALET	Salmon
2reg_TrinickiacaryophylliParaburkholderiacaryophylli_A0A1X7H3E3_TRICW	Trinic
2reg_Paraburkholderiacaffeinilytica_A0A346B8F3_9BURK	Parabu
2reg_Paraburkholderiaaspalathi_A0A1I7ELZ1_9BURK	Parabu
2reg_Caballeroniaudeis_A0A3M0UJW4_9BURK	Caball
2reg_Caballeroniaudeis_A0A158I4S9_9BURK	Caball
2reg_RalstoniasolanacearumCFBP2957_D8P570_RALSL	Ralsto
2reg_RalstoniasolanacearumCMR15_D8NE35_RALSL	Ralsto
2reg_RalstoniasolanacearumPseudomonassolanacearum_A0A3Q9QSJ4_RALSL	Ralsto
2reg_RalstoniasolanacearumCMR15_D8NE31_RALSL	Ralsto
2reg_RalstoniasolanacearumPseudomonassolanacearum_A0A0S4W5G5_RALSL	Ralsto
2reg_RalstoniasolanacearumPseudomonassolanacearum_A0A0S4WEN5_RALSL	Ralsto
2reg_Ralstoniapseudosolanacearum_A0A223GVM8_9RALS	Ralsto
2reg_blooddiseasebacteriumA2HRMARDI_A0A1U9VKC0_9RALS	bloodd
2reg_RalstoniasolanacearumPseudomonassolanacearum_A0A347D2H4_RALSL	Ralsto
2reg_BurkholderiaspSJZ115_A0A560VDD3_9BURK	Burkho
2reg_BurkholderiagladioliPseudomonasmarginataPhytomonasmarginata_A0A3G3L507_BURGA	Burkho
2reg_BurkholderiaspABCPW11_A0A118CSP3_9BURK	Burkho
2reg_Burkholderiapuraquae_A0A1X1P9C3_9BURK	Burkho
2reg_BurkholderiapyrrociniaPseudomonaspyrrocinia_A0A0G3WZH1_BURPY	Burkho
2reg_Burkholderiaanthina_A0A3P0C367_9BURK	Burkho
2reg_BurkholderiamultivoransCGD2_B9BRQ5_9BURK	Burkho
2reg_BurkholderiaspTJI49_F0GKX2_9BURK	Burkho
2reg_BurkholderiaspAU4i_U2FXH6_9BURK	Burkho
2reg_BurkholderiacenocepaciastrainMC03_B1K7M0_BURCC	Burkho
2reg_BurkholderiacenocepaciaPC184_A2W3J6_9BURK	Burkho
2reg_Burkholderiacenocepacia_A0A3N9FM88_9BURK	Burkho
2reg_BurkholderiaspMSMB1835_A0A104CLA5_9BURK	Burkho
2reg_Burkholderiacenocepacia_A0A2N9CX25_9BURK	Burkho
2reg_BurkholderiaambifariastrainMC406_B1YZJ8_BURA4	Burkho
2reg_Burkholderiacenocepacia_A0A4R7Y082_9BURK	Burkho
2reg_Burkholderiacenocepacia_A0A2X1GGH7_9BURK	Burkho
2reg_Burkholderia_cenocepacia_K56_2_BURCENK562V_C4418	Burkho
1reg_Rodentibacterrarus_A0A1V3IJV7_9PAST	Rodent
1reg_PasteurellatestudinisDSM23072_A0A1W1V3T4_9PAST	Pasteu
1reg_PasteurellatestudinisDSM23072_A0A1W1UFI4_9PAST	Pasteu
1reg_Muribactermuris_A0A4Y9JSC3_9PAST	Muriba
1reg_PasteurellatestudinisDSM23072_A0A1W1UIL5_9PAST	Pasteu
1reg_PasteurellaspWM03_A0A4Y9GYC3_9PAST	Pasteu
1reg_Actinobacillusrossii_A0A380U3H0_9PAST	Actino
1reg_Gallibacteriumanatis_A0A0A2Z7D3_9PAST	Gallib
1reg_PasteurellabettyaeCCUG2042_I3DCB1_9PAST	Pasteu
1reg_PectobacteriumatrosepticumstrainSCRI1043ATCCBAA672Erwiniacarotovorasubspatroseptica_Q6CZ75_PECAS	Pectob
1reg_PectobacteriumatrosepticumstrainSCRI1043ATCCBAA672Erwiniacarotovorasubspatroseptica_Q6D375_PECAS	Pectob
1reg_Pectobacteriumpolonicum_A0A4U7KC89_9GAMM	Pectob
1reg_Pectobacteriumparmentieri_A0A0H3I7T6_PECPM	Pectob
1reg_PectobacteriumcarotovorumErwiniacarotovora_A0A221TBX7_PECCA	Pectob
1reg_Pectobacteriumpolaris_A0A433NVK0_9GAMM	Pectob
1reg_Serratiafonticola_A0A4U9USB7_SERFO	Serrat
1reg_Serratiafonticola_A0A292AJI5_SERFO	Serrat
1reg_Serratiafonticola_A0A370T5E6_SERFO	Serrat
1reg_Serratiafonticola_A0A0F7HE70_SERFO	Serrat
1reg_Yersiniaentomophaga_A0A3S6EV96_YERET	Yersin
1reg_Yersinianurmii_A0A0T9LTI0_9GAMM	Yersin
1reg_PhotorhabdusluminescensXenorhabdusluminescens_A0A1G5RJH4_PHOLU	Photor
1reg_PhotorhabdusluminescensXenorhabdusluminescens_Q8GDM7_PHOLU	Photor
1reg_PhotorhabduslaumondiisubsplaumondiistrainDSM15139CIP105565TT01_Q7N9I0_PHOLL	Photor
1reg_PhotorhabdusluminescensBA1_A0A022PR93_PHOLU	Photor
1reg_PhotorhabdustemperatasubsptemperataMeg1_A0A081RRA5_PHOTE	Photor
1reg_PhotorhabdustemperataJ3_U7QXA5_PHOTE	Photor
1reg_PhotorhabdustemperatasubsptemperataM1021_T0P5U6_PHOTE	Photor
1reg_PhotorhabdusasymbioticasubspasymbioticastrainATCC43949310577Xenorhabdusluminescensstrain2_C7BNP7_PHOAA	Photor
1reg_Photorhabdustemperata_A0A4V3F862_PHOTE	Photor
1reg_PhotorhabduskhaniiNC19_W3V6D3_9GAMM	Photor
1reg_Photorhabdusthracensis_A0A0F7LKA1_9GAMM	Photor
1reg_Xenorhabdusbudapestensis_A0A2D0J4X8_XENBU	Xenorh
1reg_Xenorhabduscabanillasii_A0A3D9UBS3_9GAMM	Xenorh
1reg_Xenorhabdusjaponica_A0A1I5CFT8_9GAMM	Xenorh
1reg_Xenorhabdusbovieniistrpuntauvense_A0A077NA68_XENBV	Xenorh
1reg_Xenorhabduskhoisanae_A0A0J5FRA9_9GAMM	Xenorh
1reg_XenorhabdusspKJ121_A0A2D0L596_9GAMM	Xenorh
1reg_XenorhabdusbovieniistrkrausseiBeckerUnderwood_A0A077PQY4_XENBV	Xenorh
1reg_Xenorhabdusehlersii_A0A2D0IUF7_9GAMM	Xenorh
1reg_Xenorhabdusvietnamensis_A0A1Y2SBF5_9GAMM	Xenorh
1reg_Xenorhabdusmiraniensis_A0A2D0JVM4_9GAMM	Xenorh
1reg_Xenorhabdusehlersii_A0A2D0IXH2_9GAMM	Xenorh
1reg_Xenorhabdusinnexi_A0A1N6MQY7_9GAMM	Xenorh
1reg_XenorhabdusspKK74_A0A2D0K780_9GAMM	Xenorh
1reg_Xenorhabdusdoucetiae_A0A068R015_9GAMM	Xenorh
1reg_XenorhabdusbovieniistrfeltiaeMoldova_A0A077NUZ5_XENBV	Xenorh
1reg_Xenorhabduskozodoii_A0A2D0LBL1_9GAMM	Xenorh
1reg_Xenorhabdushominickii_A0A2G0Q855_9GAMM	Xenorh
1reg_XenorhabdusspKK74_A0A2D0JXW2_9GAMM	Xenorh
1reg_Xenorhabdusehlersii_A0A2D0IKA7_9GAMM	Xenorh
1reg_XenorhabdusspGDc328_A0A0M0TCK4_9GAMM	Xenorh
1reg_Xenorhabdusmauleonii_A0A1I3XDT9_9GAMM	Xenorh
1reg_Xenorhabduskoppenhoeferi_A0A1I7JG49_9GAMM	Xenorh
1reg_XenorhabdusnematophilaF1_N1NKC8_XENNE	Xenorh
1reg_Xenorhabdusdoucetiae_A0A068QSM2_9GAMM	Xenorh
1reg_XenorhabdusnematophilastrWebsteri_A0A0A8NR53_XENNE	Xenorh
1reg_SalmonellaentericasubspentericaserovarInfantisstrSARB27_G4C0Z0_SALIN	Salmon
1reg_KluyveraintermediaEnterobacterintermedius_A0A447MGQ0_KLUIN	Kluyve
1reg_Escherichiacoli_A0A4Q0WVM3_ECOLX	Escher
1reg_Escherichiacoli_A0A1X0YX92_ECOLX	Escher
1reg_Shigellasonnei_A0A3Z4DQX4_SHISO	Shigel
1reg_Escherichiacoli_A0A478GVF9_ECOLX	Escher
1reg_Escherichiacoli242707S4C3_A0A073G164_ECOLX	Escher
1reg_Escherichiacoli_A0A3U6DZG9_ECOLX	Escher
1reg_Escherichiacoli_A0A3U6AFV0_ECOLX	Escher
1reg_Escherichiacoli_A0A3T7NK21_ECOLX	Escher
1reg_Escherichiacoli_A0A3Z9KHU0_ECOLX	Escher
1reg_Escherichiacoli_A0A3Z8QVZ0_ECOLX	Escher
1reg_Escherichiacoli_A0A2X1NX29_ECOLX	Escher
2reg_Escherichiacoli908573_V0YFR8_ECOLX	Escher
1reg_Escherichiacoli_A0A376MT30_ECOLX	Escher
2reg_Escherichiacoli_A0A376L0G4_ECOLX	Escher
2reg_EscherichiacoliMS1151_D7Y9J7_ECOLX	Escher
1reg_Escherichiacoli_A0A377E8W1_ECOLX	Escher
1reg_Escherichiacoli_A0A3Z6JBC1_ECOLX	Escher
1reg_Escherichiacoli_A0A376ZPC3_ECOLX	Escher
1reg_Escherichiacoli_A0A2X1MY93_ECOLX	Escher
1reg_Escherichiacoli_A0A4D2RBU3_ECOLX	Escher
1reg_EscherichiacolistrainSE11_B6I1I8_ECOSE	Escher
1reg_EscherichiacolistrainATCC9637CCM2024DSM1116NCIMB8666NRRLB766W_A0A0H3ETC9_ECOLW	Escher
1reg_Escherichiacoli_A0A4Y8DWN0_ECOLX	Escher
1reg_Escherichiacoli_A0A3P5DMN0_ECOLX	Escher
1reg_Escherichiacoli_A0A3Z8Z747_ECOLX	Escher
1reg_Escherichiacoli_A0A377ECY8_ECOLX	Escher
1reg_Escherichiacoli_A0A3U2E1S3_ECOLX	Escher
1reg_Escherichiacoli_A0A2A3UJV3_ECOLX	Escher
1reg_Escherichiacoli_A0A4T6J3V0_ECOLX	Escher
1reg_Escherichiacoli_A0A3Z9CHV0_ECOLX	Escher
1reg_Escherichiacoli_A0A0L1CCN2_ECOLX	Escher
1reg_Shigellaboydii96558_I6DU35_SHIBO	Shigel
1reg_Shigellaboydii521682_F3WEZ1_9ENTR	Shigel
1reg_Escherichiacoli_A0A3L9J1V1_ECOLX	Escher
1reg_Shigellaboydii_A0A237FT57_SHIBO	Shigel
1reg_EscherichiacoliLAUEC10_V8KJ00_ECOLX	Escher
1reg_EscherichiacoliKTE75_L3QDQ8_ECOLX	Escher
1reg_Escherichiacoli_A0A3W5XXA9_ECOLX	Escher
1reg_Escherichiacoli_A0A2H2UKJ6_ECOLX	Escher
1reg_Escherichiacoli_A0A3Y5KUZ0_ECOLX	Escher
1reg_Escherichiacoli_A0A377C3M6_ECOLX	Escher
1reg_Escherichiacoli_A0A377FD89_ECOLX	Escher
1reg_Escherichiacoli_A0A2T3UZM5_ECOLX	Escher
1reg_Escherichiacoli_A0A0K3VLQ9_ECOLX	Escher
1reg_Escherichiacoli_A0A403LUE5_ECOLX	Escher
1reg_Escherichiacoli_A0A3T4D2E9_ECOLX	Escher
1reg_Escherichiacoli_A0A2X5PU26_ECOLX	Escher
1reg_EscherichiacoliDORAB14_W1V0J8_ECOLX	Escher
1reg_EscherichiacoliTA447_A0A1X3J4J6_ECOLX	Escher
1reg_Escherichiacoli_A0A3W5E2V0_ECOLX	Escher
1reg_Escherichiacoli_A0A3T5TWL8_ECOLX	Escher
1reg_Escherichiacoli_A0A1V3CIE9_ECOLX	Escher
1reg_Escherichiacoli_A0A3Y8DHZ4_ECOLX	Escher
1reg_Escherichiacoli_A0A3W3G7V2_ECOLX	Escher